Distance (km),Elevation (m)
0.0,0.6
0.009523482058407803,0.6
0.023018091710923783,0.6
0.02450509061485918,0.6
0.02561828552314526,0.6
0.026461926450058623,0.6
0.02757512135755373,0.6
0.028418762158907363,0.6
0.029262402960260996,0.6
0.0303755978677561,0.6
0.0364899786489091,0.6
0.048120127083758214,0.7
0.057974179743207704,0.7
0.05937093950594986,0.7
0.060214583349503144,0.7
0.061058227193056425,0.7
0.06359113350929071,0.8
0.06359113350929071,0.8
0.10811697622485328,0.6
0.19543699891049948,0.3
0.2603376598140041,0.1
0.28491703850721734,0.2
0.3068768917235836,0.1
0.33876863010836433,0.1
0.38490600562909716,0.2
0.4375583645737636,0.2
0.4499196027962371,0.1
0.46682225705322067,-0.1
0.47465152182788756,-0.1
0.47918461190737854,-0.2
0.48156546688103286,-0.2
0.483791856696814,-0.2
0.4865871104170888,-0.3
0.4889679651212417,-0.3
0.4913488197355607,-0.3
0.5114667254750914,0.0
0.562001857375937,0.0
0.5820608410165836,0.0
0.5908877929260665,0.0
0.5965650869564272,0.0
0.6043574513120569,0.0
0.6155157089412021,0.1
0.6233637670948127,0.0
0.6289933055612111,0.0
0.6507411976341568,0.0
0.6757892017702231,0.0
0.693225000759223,0.0
0.7068195871089918,0.0
0.7188992721950653,0.0
0.7342643566690583,0.0
0.7426446492666381,0.0
0.7507593867207306,0.0
0.772518165361334,0.0
0.794796303946576,0.0
0.8186120757448062,0.0
0.8581896542334434,-0.1
0.8920872663064945,0.0
0.9043063372608803,0.0
0.9200603122236616,0.0
0.9335346787888619,0.0
0.9484521834312484,0.0
0.9532149103436001,0.1
0.9554413001593812,0.1
0.9568380043373564,0.1
0.9579511992448515,0.1
0.9635380144234096,0.1
0.9737813416821804,0.1
0.9836351919404561,0.1
1.0032248885700796,0.2
1.104686328966472,0.1
1.2684989834363598,0.3
1.2796567888199275,0.3
1.2908273405569388,0.3
1.3294299422853761,0.4
1.3327695270094435,0.4
1.3362139913756865,0.4
1.3384403811914678,0.4
1.3417799659155352,0.4
1.3440063557313164,0.4
1.3448498645630154,0.4
1.3448498645630154,0.4
1.353042818433156,0.4
1.364674858087209,0.4
1.3747248963147103,0.4
1.3837816949957549,0.3
1.3905139162562234,0.3
1.4106233100701329,0.1
1.4130041305017484,0.1
1.4164485926953772,0.1
1.4231808134951656,0.1
1.4275222736362156,0.1
1.4321636625967529,0.1
1.4376831509181658,0.1
1.4436303630357084,0.1
1.4480388300251734,0.0
1.4619249907229095,0.1
1.4757237312357596,0.1
1.497128960404766,0.2
1.5152568269153799,0.2
1.5324794123658823,0.3
1.5453536121185611,0.4
1.569634795136025,0.6
1.5874669964920145,0.8
1.5874669964920145,0.8
1.7635390664599282,0.3
1.7785052528084224,0.2
1.7930084753859177,0.2
1.810824772355973,0.1
1.8285357937760942,0.1
1.8285357937760942,0.1
1.8451225990219677,0.0
1.8468095160137263,0.0
1.8476529745096055,0.0
1.8493398915001655,0.0
1.850736539244749,0.0
1.8529629290605303,0.0
1.8874822773283744,0.0
1.8920142372303994,0.0
1.9773620132745655,0.0
1.9795884030903468,0.0
1.9817034734156158,0.0
1.9845862623298083,0.0
1.9879566300826461,0.0
1.990751696326737,0.1
1.9940883251221007,0.1
2.0571138571425527,0.1
2.073480004452187,0.0
2.108345989844645,0.0
2.184958657086031,0.0
2.195118424180305,0.0
2.1962316190878,0.0
2.1973448139960863,0.0
2.1990316544009727,0.0
2.2161450208144093,0.1
2.2187596222624717,0.1
2.220156246651624,0.1
2.2225370381091647,0.1
2.248362025208349,0.2
2.2529104293952855,0.2
2.2607396780824747,0.2
2.275431083982612,0.3
2.299200612390013,0.3
2.3005479763323238,0.3
2.3190640265971063,0.3
2.3632601689360633,0.5
2.3692730904049064,0.5
2.3819725436840162,0.6
2.3908327965625262,0.6
2.415650219004294,0.5
2.4418408007029044,0.3
2.4418408007029044,0.3
2.443861807673667,0.3
2.4486098473707787,0.4
2.4513758994901083,0.5
2.4554191477116225,0.6
2.4730266626957405,1.1
2.500115246450872,1.9
2.585265790265324,3.1
2.585265790265324,3.1
2.5941265739496613,3.2
2.6625134165455697,3.6
2.676920286053327,3.6
2.6993688199804455,3.7
2.7409121420217692,4.0
2.7726156733439824,4.4
2.7737288682514776,4.4
2.7748420631597637,4.4
2.7799644338682583,4.5
2.7813610273197678,4.5
2.788844449654199,4.6
2.8221475127610582,5.0
2.8733692261389874,5.9
2.899976739903147,7.1
2.978221879956465,9.6
3.0169441735274822,11.2
3.0271953521827637,13.2
3.029682541968967,13.3
3.0361489911926722,15.3
3.0439861657164973,19.4
3.045461054080505,18.8
3.047723091129674,19.2
3.0581592318240594,17.2
3.0713491552692616,19.7
3.0849430242270586,19.7
3.1261513783780237,21.8
3.133443177865708,19.7
3.1427286808309276,17.1
3.151785197955381,15.5
3.1745847823785533,14.5
3.1754340201073865,14.4
3.1820499800200235,14.8
3.185483851650635,14.8
3.193813211965698,14.7
3.2040558773032575,14.7
3.2347838462506693,14.7
3.2478809737940106,14.5
3.3140531091141456,13.5
3.373779544568132,11.8
3.39551509763673,11.4
3.4729951679976296,11.0
3.48924260194101,10.6
3.48924260194101,10.6
3.4999214034502506,10.4
3.5078226715085923,10.2
3.513642006993312,10.0
3.5218372045387514,9.8
3.5438019089212567,9.3
3.546182655411282,9.3
3.5506365577954004,9.2
3.555295188317839,9.1
3.5577803492589655,9.1
3.560163194466458,9.0
3.570016997527895,8.9
3.625952071075456,7.7
3.635732468188773,7.4
3.642718040612742,7.2
3.64551291338697,7.1
3.648276847349691,7.1
3.6510717196639786,7.0
3.654443207757328,6.9
3.6564049038375517,6.9
3.6602471992985723,6.8
3.69430865054285,7.1
3.703227507888575,7.4
3.7158773129740843,7.9
3.727915417747285,8.3
3.7367209475166603,8.5
3.7993386133585827,10.9
3.8785125889929954,11.5
3.958251929798828,11.7
3.9923123874739264,11.5
4.037089230579478,9.9
4.1181722588437255,10.7
4.197379612072008,13.1
4.278131590876774,15.4
4.305123231038313,15.6
4.3624287463496225,16.1
4.447289031858148,16.7
4.529272824627009,17.5
4.59776222602826,16.3
4.608457846021708,15.8
4.608457846021708,15.8
4.764006499631367,9.8
4.8258545889620725,6.7
4.837424038418335,6.0
4.837424038418335,6.0
4.846339738999097,5.8
4.855140724415759,5.6
4.886316667558567,4.6
4.899971478096173,3.9
4.904669112307832,3.7
4.908043411804986,3.6
4.909732782775538,3.5
4.910575987121492,3.5
4.914618597894618,3.4
4.9174115859828955,3.4
4.926325613386718,3.3
4.967717872781209,3.4
4.992854887287264,3.3
5.020439175552938,3.3
5.052487820951035,3.2
5.0780301782787465,3.1
5.109667752439928,3.1
5.143961269924283,2.4
5.2128058163030575,1.6
5.2128058163030575,1.6
5.40635320360718,0.5
5.409251233551934,0.2
5.412051323311344,0.4
5.416251457261847,0.7
5.432059593564079,1.3
5.460405471874142,0.7
5.738200083566936,2.7
5.738200083566936,2.7
5.794878548187836,2.8
5.80745014651621,2.5
5.872074018384738,1.7
5.914763137392559,2.0
5.918138695503554,1.8
5.922329208752647,1.9
5.933958765209652,1.7
5.976233473575771,1.8
6.008285710990802,2.1
6.123484754676243,2.3
6.13277722615128,2.5
6.158809646026831,2.3
6.221807809277785,2.5
6.234407771106282,2.6
6.304175816857685,2.1
6.3213641628989565,2.0
6.3213641628989565,2.0
6.3213641628989565,2.0
6.3729403218328144,2.0
6.374057999292475,2.1
6.380192852789471,1.9
6.382573520431465,1.9
6.444739672011318,1.6
6.448183752975528,1.6
6.4551836786466135,1.1
6.462737302353855,0.4
6.487377891842642,0.9
6.519901600959562,0.8
6.548240725056316,1.0
6.5896303413157735,0.7
6.612391801836512,0.5
6.6391330126668935,0.9
6.639999457714825,0.7
6.6465481522848355,3.0
6.647731031358889,3.4
6.64854692842299,3.7
6.651562075379596,4.7
6.652428519563358,4.9
6.653881078757236,5.3
6.655988708535602,5.9
6.655988708535602,5.9
6.655988708535602,5.9
6.674442354833416,6.1
6.688050299202419,6.7
6.700163017889013,6.7
6.713640862319767,6.7
6.73400828271778,6.6
6.7690963277717495,5.3
6.794708719483539,4.2
6.819526123074958,3.1
6.840591672560268,4.8
6.902862759011959,7.6
6.931686408556457,7.8
6.979580129956797,10.0
7.0018391863358485,9.5
7.066977795380428,9.1
7.091678321161914,8.2
7.1321016620314435,6.6
7.143763882220552,5.7
7.161170959309469,4.1
7.1791862855536985,4.6
7.185005447967938,4.8
7.193505520485191,5.2
7.242189463110356,6.7
7.246725747907852,6.9
7.249106387423338,6.9
7.251811207642587,6.9
7.2543261131212295,6.9
7.25655250293701,6.9
7.25789965338489,6.9
7.259296017980272,6.9
7.260695958645994,6.8
7.262092323088168,6.8
7.263435597039425,6.5
7.264330376654186,6.2
7.265830398599535,6.0
7.28984123824943,1.5
7.291979394314977,0.8
7.29437886056783,0.5
7.29580708652147,0.2
7.296920281429756,0.2
7.29832022033808,0.1
7.300702957677551,0.2
7.303091981913727,0.4
7.304223000438701,0.6
7.3075877518235774,0.8
7.350012265092844,1.8
7.362257409080036,1.8
7.385801355991081,0.8
7.388036710909615,0.6
7.3903135795936805,0.6
7.393867358956081,0.5
7.396256379475957,0.7
7.398639112909749,0.8
7.401019746898552,0.8
7.403814247964416,0.9
7.405210603519814,0.9
7.407233380271748,1.0
7.4086297356732125,1.0
7.411424235973608,1.1
7.416192037132083,1.2
7.41974434256591,1.3
7.4224644882512365,1.3
7.425908369632083,1.3
7.427928670902912,1.3
7.431969272598861,1.3
7.436159529003614,1.2
7.438548548403695,1.0
7.4446653679783275,0.8
7.463894231621338,0.3
7.472839598101767,0.3
7.4750682325742215,0.2
7.4873427649135795,0.1
7.490679273369668,0.1
7.520037782810796,0.1
7.528010441274793,0.1
7.535983726481611,0.0
7.545241924122075,0.1
7.550004231432683,0.0
7.5550285222986915,0.0
7.56589957993358,0.2
7.5816310074731,0.2
7.593504977239363,0.3
7.597284719567245,0.3
7.599665346366793,0.3
7.6034063506364475,0.3
7.60578697721133,0.3
7.60858145301355,0.4
7.610933552852365,0.4
7.611935428269348,0.4
7.614273137576432,0.4
7.6157253744979245,0.5
7.617951764313705,0.5
7.620178154129486,0.5
7.6224550139811935,0.5
7.626008787685086,0.6
7.6333922634990925,0.7
7.677107394255906,0.6
7.680849727395228,0.5
7.688748158719434,0.4
7.694564712196997,0.5
7.701244630198464,0.4
7.70706032318796,0.4
7.7127695674349,0.4
7.720373612529819,0.5
7.726165430694623,0.5
7.731731405234472,0.5
7.738641167829017,0.5
7.74849371223421,0.5
7.754285528798093,0.5
7.761028752219376,0.5
7.768893268616706,0.4
7.775108293603176,0.4
7.795584503378276,0.3
7.842840400188185,0.2
7.883901253213798,0.2
7.911934627155987,0.2
7.929765680259279,0.2
7.954256172395376,0.1
7.971144487475773,0.1
8.073033780202795,0.2
8.08100641301301,0.2
8.088488325247795,0.2
8.099357429530418,0.2
8.118457123502614,0.1
8.151951892316397,0.2
8.161726550615857,0.3
8.174819762090118,0.2
8.194409800070842,0.2
8.224104470339032,0.2
8.24170551487207,0.2
8.254473709173093,0.2
8.283534052139895,0.2
8.32449185481405,0.3
8.36551868633831,0.3
8.41470768537328,0.2
8.466529895613862,0.2
8.485347451173032,0.2
8.494156053448792,0.2
8.510938266691214,0.2
8.518458604846916,0.2
8.531025225686152,0.2
8.54593910815654,0.1
8.58120239223958,0.1
8.641584920903787,0.2
8.641584920903787,0.2
8.641584920903787,0.2
8.69128497328934,0.2
8.704756149145297,0.1
8.742858124121605,0.1
8.756821266311954,0.2
8.768449872206851,0.0
8.779319329472694,0.1
8.79018832450976,0.1
8.807169143079536,0.1
8.823134716758616,0.2
8.853978400133988,0.1
8.93681463703894,0.1
9.01636005315675,0.1
9.11839627144761,0.1
9.173297289152394,0.2
9.229623319273292,0.2
9.250069597438591,0.1
9.266824556815822,0.1
9.300568536936828,0.1
9.32896393807653,0.2
9.32896393807653,0.2
9.32896393807653,0.2
9.336355933053937,0.1
9.341799968605514,0.2
9.366071184769387,0.1
9.418102664360944,0.2
9.494329793141818,0.3
9.526081754574195,0.3
9.572394662788666,0.2
9.66044992486566,0.2
9.747820612322249,0.3
9.807019582176679,0.3
9.837195547442285,0.3
9.852045107715352,0.3
9.866280572838681,0.3
9.881146851959745,0.5
9.931541553384136,0.8
9.991194635021833,0.5
10.01781158597657,0.3
10.026268720315835,0.3
10.040959434643526,0.3
10.066948420875905,0.2
10.113805124917072,0.3
10.116333300861841,0.3
10.124305858800444,0.3
10.13998146069828,0.3
10.165640553470451,0.2
10.165640553470451,0.2
10.174499751699228,0.3
10.18012916123191,0.3
10.186861284589403,0.3
10.194699085565619,0.3
10.200328495440544,0.3
10.204860319605796,0.3
10.205973514514081,0.3
10.207369719064816,0.3
10.208765923692804,0.3
10.209608648119518,0.3
10.210721843027804,0.3
10.211564567327573,0.3
10.212677762235067,0.3
10.238405761529824,0.3
10.238405761529824,0.3
10.25290536327335,0.5
10.267199532545403,1.0
10.292803015427282,1.0
10.29625960584734,1.1
10.325215112086235,1.2
10.330781984868889,1.1
10.330781984868889,1.1
10.332178188039718,1.1
10.334663155976719,1.1
10.335972329527936,1.1
10.338198719343717,1.1
10.339311914252002,1.1
10.341692459088307,1.1
10.34407300401449,1.1
10.348835144289785,1.2
10.35465071050605,1.2
10.359167622786703,1.2
10.371688743134438,1.3
10.38637945464397,1.3
10.403601112365662,1.4
10.413760650617368,1.4
10.420493517864925,1.3
10.425255664161108,1.4
10.425255664161108,1.4
10.426651873462347,1.4
10.427410332414624,1.4
10.429503457585756,1.5
10.449321510937189,2.0
10.609603855395422,3.2
10.626531816443608,3.3
10.64067132684035,3.2
10.842407661145138,3.1
11.072149194019469,4.0
11.287977529824065,5.2
11.44198952752654,6.2
11.54872630154991,8.6
11.584635052775672,8.9
11.611018732636628,8.9
11.752819603476343,9.0
11.891870853360798,8.4
11.908923128382801,8.4
12.149646310679437,7.4
12.212863098785824,7.7
12.22715917885133,7.8
12.486197237930593,8.6
12.503064363353252,8.6
12.516061428014236,8.7
12.657910589231633,9.1
12.657910589231633,9.1
12.674629759033555,9.1
12.75044442451572,8.9
12.78384027175323,8.9
12.812832356864625,8.9
12.826217242916186,8.9
12.845216702140078,8.8
12.869721480313107,8.8
12.888664805881078,8.7
12.941041993304458,8.7
13.03350178186323,8.6
13.104791151469078,8.7
13.127055274205368,8.8
13.130394858928645,8.8
13.133839089417611,8.8
13.13728331981339,8.8
13.142045339403817,8.9
13.21331907505701,9.6
13.285974041739184,10.2
13.292481576228829,10.3
13.298066839455265,10.4
13.30365120617149,10.4
13.310632378898806,10.5
13.379467894610192,11.2
13.387934036852126,11.3
13.453045278007973,11.5
13.460564220517645,11.5
13.485605218423226,11.6
13.53227738809733,11.4
13.536465624969823,11.4
13.540206234248515,11.4
13.544394469742215,11.4
13.548583898196563,11.3
13.616116983500103,10.9
13.669671559213464,10.8
13.760038093439135,10.8
13.763482309111085,10.8
13.76544264975586,10.8
13.77030785051045,10.8
13.772688313822423,10.8
13.857804069507472,11.2
13.938167696666966,12.4
13.969878642756274,12.4
14.024071284164402,11.1
14.038354003360107,11.1
14.04301096117656,11.1
14.057123907608668,11.1
14.111581817039959,11.1
14.141191655472184,11.3
14.161022593267448,11.9
14.189594263264324,12.5
14.272049345348856,12.4
14.300327682793721,12.5
14.353453557755543,12.5
14.431322871594794,12.6
14.462088270112087,13.0
14.482314510087697,15.1
14.503746829680615,15.7
14.507171395555817,15.7
14.515365776350748,15.5
14.551861941230907,15.6
14.803569257503465,22.9
14.825825197071046,24.5
14.828617189599731,24.5
14.832062828604961,24.6
14.83625200973876,24.5
14.842264468861638,24.6
14.87917599025584,25.0
14.92861315089976,26.7
14.97747626356012,27.9
15.006820681230277,28.6
15.086946043297193,29.1
15.090686505897116,29.1
15.094426968155027,29.1
15.098206118036643,29.1
15.101632131319843,29.2
15.101632131319843,29.2
15.128965904536793,29.7
15.159382357181395,30.3
15.173784325356614,30.3
15.238549429880312,30.3
15.246030327391857,30.3
15.274219257465457,30.4
15.32461754817026,29.4
15.403696349729394,31.4
15.457386648365475,31.6
15.482944536190605,31.7
15.583043213255179,32.3
15.614442372039644,31.9
15.63773852599275,31.5
15.63773852599275,31.5
15.654112171726043,31.2
15.654112171726043,31.2
15.657481448808298,31.1
15.663990792197913,30.9
15.665103987106198,30.9
15.672090168185683,30.6
15.680342811642717,29.6
15.720941571125202,21.9
15.72547441821551,22.0
15.73001608111451,22.3
15.733789759071197,21.8
15.737285796868598,22.4
15.742414376219317,22.7
15.74722634631763,23.4
15.752361744134928,23.0
15.758017578128863,22.1
15.801773686579203,20.4
15.80688775172521,21.0
15.81133610058827,19.5
15.816613882277625,18.4
15.822692242817451,18.4
15.8288057546636,18.5
15.833583306399387,18.1
15.840769142451053,17.3
15.84658531106134,17.2
15.875463082992614,18.6
15.881541580318222,17.7
15.887501466897286,18.1
15.894950741719517,18.4
15.923830375303474,17.8
15.932341055336156,18.4
15.941207645668895,18.8
15.948694433522355,19.1
15.956591060788782,19.0
15.965503009612652,19.5
15.993810907482324,18.3
16.004175524262507,17.9
16.019188166484803,16.9
16.05292218777877,15.2
16.135759019061577,13.3
16.19293231344057,11.0
16.25610324942384,7.1
16.257216444331338,7.1
16.258334121791,7.2
16.259695663414544,7.4
16.261147401963324,7.5
16.261147401963324,7.5
16.264538739321733,7.9
16.265656416781393,7.8
16.267055907948187,7.7
16.286860805575564,6.6
16.320160669127688,4.1
16.385427253724995,1.8
16.414694627522977,1.0
16.41678447095571,1.0
16.424833835783563,0.8
16.43374334985809,0.7
16.439326971296154,0.7
16.441348504755045,0.6
16.447854627559256,0.6
16.455373041430274,0.5
16.463269555553087,0.4
16.473040880191,0.4
16.480937389909947,0.3
16.489795406958688,0.2
16.501055066823973,0.3
16.51324573158375,0.3
16.62419958917958,0.3
16.62803964205897,0.3
16.6331593185862,0.3
16.63713833443944,0.2
16.642004365518417,0.1
16.852551308300466,0.2
16.86655798825357,0.1
16.942214519012598,1.2
16.951621514548645,0.5
16.998858396697614,0.2
17.171358100580065,1.0
17.226375286391086,1.7
17.232131090640646,2.9
17.249462262981808,2.7
17.26374990019119,3.1
17.269882836086747,3.6
17.276817395391642,4.4
17.29905319804779,3.1
17.353529487428048,2.4
17.391629540019544,2.4
17.44954350803035,2.5
17.47280781069537,2.1
17.510893221137383,2.2
17.529940055598818,2.6
17.54557763149092,3.2
17.561541681551496,3.0
17.579879117245877,3.0
17.591503382224865,3.0
17.60135414696823,3.0
17.619068485520604,3.0
17.634694522277748,3.0
17.636093929338443,3.1
17.650082788566504,2.5
17.651089642255556,2.6
17.651937660339648,2.5
17.653166251204365,2.6
17.663405282595114,2.6
17.735253755584576,3.8
17.790368697453538,3.2
17.79543849290146,3.0
17.79688203529512,2.9
17.798034945917777,3.2
17.80178718029908,3.5
17.80318299972576,3.5
17.804582396615174,3.6
17.81210711595116,3.3
17.813457515809702,3.2
17.814588534334675,3.4
17.81552079344133,3.0
17.816673704063223,3.3
17.81938478284593,3.1
17.820870899159257,3.1
17.823176720403804,3.7
17.833423511679037,3.3
17.86098819117846,4.0
17.93306148778931,2.6
17.95176253119821,2.6
17.95914981569764,2.9
17.967142172588602,2.7
18.035640497459916,2.6
18.061890740102342,0.7
18.113655365525975,0.3
18.143408869329377,0.3
18.200885319073564,0.3
18.236721889196502,0.1
18.269011528886242,0.2
18.27551802835929,0.1
18.281147335637684,0.1
18.285878808338136,0.1
18.29141515940175,0.3
18.29932137330853,0.5
18.305137399960984,0.6
18.313110293394754,0.7
18.31729885127537,0.6
18.32370959105017,0.6
18.330311558393692,0.5
18.347493707933012,0.4
18.35734430946155,0.4
18.375350069130935,0.5
18.383541652076524,0.5
18.39206511223828,0.6
18.404986675067367,0.6
18.42408143858773,0.6
18.469746498069362,0.5
18.480966978888357,0.5
18.507537845182323,0.5
18.5443458730693,0.5
18.582134112730024,0.6
18.59931611079956,0.5
18.60807526288803,0.5
18.614676414220998,0.5
18.618863723233332,0.5
18.62305222546996,0.4
18.64064401739269,0.3
18.64955247563368,0.2
18.65513554695653,0.2
18.659322849759516,0.2
18.663421919099715,0.2
18.668865522235837,0.2
18.674449485065207,0.1
18.687461161785365,0.2
18.822366396153193,0.1
18.822366396153193,0.1
18.825811938639543,0.2
18.830264718271106,0.2
18.83371026054005,0.3
18.84085110863731,0.3
18.8561794098671,0.4
18.869978044241115,0.6
18.896680125937195,0.8
18.91938286216724,0.8
18.94668253904165,0.9
18.94890892885743,0.9
18.961289122629605,1.6
18.97137497137249,2.4
18.981441467433093,2.9
18.9971181822732,3.1
19.011979464950006,3.4
19.027587240833185,3.3
19.036652811692445,3.5
19.04781655593327,3.5
19.055654912642552,3.6
19.06362714638974,3.6
19.077403845980776,3.7
19.083033140883966,3.7
19.088742677784545,3.8
19.099314224691284,4.0
19.10988577014036,4.2
19.118477646074126,4.3
19.125366537698522,4.4
19.149878638407795,5.0
19.17105199714069,5.5
19.177784765908566,5.6
19.18341494727883,5.7
19.192672311787433,5.8
19.203804260866338,5.8
19.215938085363018,5.8
19.224954964117444,5.8
19.23401832034144,5.8
19.235135997801102,5.7
19.235983853832206,5.8
19.235983853832206,5.8
19.242872738993654,5.7
19.24868784884257,5.7
19.25343174342098,5.6
19.256223201339715,5.6
19.259771567480723,5.5
19.26482318341875,5.5
19.26482318341875,5.5
19.274843933647507,5.3
19.28268228775009,5.2
19.288829818764448,5.2
19.299373396926093,5.1
19.338557501826305,3.9
19.35578049958493,3.6
19.370181867439445,3.4
19.377662688611892,3.3
19.530986417002474,3.4
19.58079786297024,3.9
19.66132338867885,4.4
19.746967813053416,4.9
19.820442254445354,5.3
19.839396058141457,5.5
19.84877654266569,5.6
19.857265420034008,5.6
19.863413688724634,5.7
19.86793047267813,5.7
19.88139599250659,5.9
19.90093565692607,5.9
19.94521879954953,6.0
19.981629012181948,6.2
20.009183294756934,6.2
20.068422516465077,5.9
20.126117015043977,5.9
20.281631127579438,5.9
20.31056156600678,6.0
20.38970317033377,5.4
20.4692576810393,5.5
20.5472013183653,6.7
20.633078243323073,9.0
20.719484072505928,10.3
20.77534270482885,10.4
20.792816448831207,10.3
20.80349541278401,10.4
20.82498668751469,10.4
20.833309993207532,10.4
20.84082593443718,10.4
20.858534166632946,10.6
20.858534166632946,10.6
20.92715956281703,10.9
20.92715956281703,10.9
20.940780269396097,11.1
21.02950482964303,10.8
21.02950482964303,10.8
21.03902985640447,11.0
21.082179740458425,11.8
21.114916104745912,14.0
21.211276729941748,17.7
21.2376411526209,17.4
21.32326353203156,11.8
21.32326353203156,11.8
21.48728447232481,19.9
21.564014869298287,19.4
21.729993038391516,16.4
21.75156608965073,16.0
21.777885985158935,15.2
21.809556238761818,14.9
21.824327833132436,14.9
21.832999948758182,14.9
21.83979740063692,15.0
21.848534816292243,15.1
21.856816842521088,15.3
21.88539490520392,16.0
21.931256662921847,16.6
22.005465925227227,17.0
22.06036021243388,16.7
22.210230629113106,19.1
22.21458559504455,19.2
22.21934724892483,19.2
22.226121263116504,19.1
22.238813181498546,19.0
22.296609965565136,16.9
22.347119586400655,15.4
22.49010743869931,8.3
22.494639098911215,8.3
22.49808315532774,8.3
22.50657256883813,8.4
22.527479429354518,8.7
22.546939877408782,9.0
22.55953388565361,9.2
22.55953388565361,9.2
22.58068705328832,9.0
22.600356962436294,8.7
22.613185681711368,8.3
22.626249062143465,8.1
22.627932756927358,8.1
22.63827734790902,8.1
22.648121444997372,8.1
22.655563428947946,8.1
22.664698952484322,8.2
22.673501353064804,8.7
22.674343198550527,8.7
22.6891912489004,10.2
22.729156004237634,13.3
22.767978938466488,14.2
22.798463604945848,15.9
22.803228265729945,16.1
22.806932477119602,16.2
22.808380480059046,16.2
22.811173605980887,16.3
22.812569273523913,16.3
22.814590150063736,16.4
22.8226662269014,16.6
22.8226662269014,16.6
22.83056876916012,16.9
22.841374815854522,17.1
22.8484742847756,17.4
22.858322800867697,17.7
22.87100556310541,18.1
22.882858864209894,18.7
22.895684627781318,19.0
22.904392384783502,19.0
22.914667981929316,18.9
22.923733366441336,18.5
22.923733366441336,18.5
22.930415529602836,18.3
22.934986736009193,17.7
22.936117754533388,17.5
22.940515285221892,16.8
22.94743044387761,15.8
22.94882968720739,15.9
22.95023960978812,16.1
22.951285436901536,15.8
22.95348183142799,16.5
22.95489175378101,16.7
22.95628741879302,16.7
22.958308288343087,16.8
22.95917354998539,17.0
22.96119441932419,17.1
22.962042167809056,17.2
22.96288991629511,17.3
22.964317459853717,17.6
22.965727382130837,17.8
22.96685840065503,18.0
22.967971595563316,18.0
22.969200186428033,18.1
22.970207040117085,18.2
22.97160270551312,18.2
22.973985034422768,18.3
22.978754936681252,18.6
22.98589562562328,18.6
22.98827795507156,18.7
22.998518150337535,18.5
23.00074678480999,18.6
23.00354527544725,18.4
23.009723320707085,17.5
23.037687743307732,18.4
23.081031653663896,16.6
23.09699480235095,16.8
23.142845750582886,17.4
23.155803810753312,17.9
23.17264446004964,21.8
23.18114801156162,22.3
23.187672544936365,21.8
23.197012501487002,20.8
23.211038963998547,19.6
23.303853592396102,21.2
23.349774750008518,23.7
23.391319260309142,24.1
23.415895425454522,24.4
23.43799682693074,25.5
23.528371226719464,33.9
23.5678814760619,36.3
23.63894702807352,37.1
23.66815089826669,37.5
23.68146068799238,38.8
23.694170308606967,39.3
23.70556729818537,39.4
23.717857587548874,39.9
23.730133269390333,40.1
23.753646411276392,40.1
23.764810600021477,40.2
23.78048634756828,40.3
23.78737449694141,40.3
23.80165605799237,40.3
23.811177625269174,40.4
23.818318407683083,40.4
23.818318407683083,40.4
23.828997440133463,40.4
23.839866498188556,40.4
23.848774033712747,40.4
23.862884748980456,40.3
23.888428037476146,40.2
23.9132819724744,40.2
23.930070343223946,40.1
23.938176727163633,40.1
23.951282073137435,40.8
23.976984603842496,43.7
24.022625097129552,39.6
24.03612835434478,38.6
24.047032616607208,38.9
24.05633308751499,39.8
24.06860702170936,40.9
24.09558941015676,40.6
24.130454672440088,38.9
24.196854887687632,38.4
24.240116480853143,36.1
24.288880024574926,36.5
24.328326477706337,35.4
24.378091121473975,34.2
24.43809334829209,35.4
24.469580289271175,35.5
24.50306589439157,35.4
24.515290953911606,35.5
24.52957825948075,35.9
24.54253307092572,36.3
24.605703577553406,37.7
24.617605435435873,37.6
24.636315772075672,37.0
24.681148491200982,35.0
24.796593921087656,35.0
24.810995716874274,35.2
24.82497459546357,35.5
24.888302658536762,34.6
24.92338551602051,34.2
24.948171246530013,33.7
24.96544285415661,33.5
24.995380949249576,34.5
25.0116366170004,34.6
25.031424879327663,33.8
25.05042348695019,31.4
25.05926879337821,30.0
25.06412251457362,29.6
25.068894568917344,29.3
25.07325976070009,29.0
25.076633845123034,28.8
25.078662468664085,28.6
25.080358378616058,28.4
25.082379594244586,28.3
25.08440821736265,28.1
25.086796907044892,27.9
25.090584905290136,27.3
25.093948359783543,26.9
25.099076563003177,26.6
25.102646380058268,27.0
25.116145854789018,28.3
25.124199778707005,29.1
25.148915796389915,29.1
25.155895445482418,29.0
25.159431239967766,28.2
25.162886773545353,27.3
25.16670485619604,25.9
25.170698461644527,24.5
25.172134952000544,24.0
25.172134952000544,24.0
25.172134952000544,24.0
25.174979292710205,23.3
25.182481100089166,22.0
25.183412714729126,21.9
25.188207193352383,21.2
25.19616605619321,20.0
25.211193132680005,17.0
25.21808811272786,13.6
25.21808811272786,13.6
25.21808811272786,13.6
25.223144324656143,10.8
25.22848983560628,7.7
25.234878949068435,5.5
25.245441432127983,5.6
25.27360933974787,8.3
25.318938854732217,14.4
25.334016313104303,15.5
25.347387878903962,15.8
25.362483840483375,15.4
25.39129336212045,16.1
25.41825346004195,17.3
25.4281045908651,17.4
25.4281045908651,17.4
25.4281045908651,17.4
25.43229674034709,17.2
25.439779777341176,17.0
25.441179147468283,16.9
25.443559451207022,16.9
25.445939755035248,16.9
25.447339125544698,16.8
25.448738496129987,16.7
25.449856173589648,16.8
25.45125554432788,16.7
25.45499706419782,16.6
25.459757672844145,16.6
25.464881010396688,16.4
25.465746480162263,16.2
25.466864157621924,16.3
25.470568540983585,16.2
25.472020140127196,16.1
25.475464246071628,16.1
25.476358136236723,15.8
25.47915688092478,15.6
25.481385515397236,15.7
25.491361494441087,15.0
25.504896001444823,13.9
25.52909261421552,11.9
25.563955158938544,8.2
25.56636884223928,7.8
25.581559686414867,5.9
25.598636150817075,4.7
25.6099107481357,4.1
25.621085691358488,3.6
25.643367527710865,3.3
25.69905274640054,3.3
25.718107257815507,3.2
25.79373566085554,3.4
25.801574030753574,3.3
25.806334666372642,3.3
25.811918829725673,3.2
25.81865640744819,3.0
25.826142860056375,2.7
25.830674565205992,2.7
25.83305698354786,2.6
25.837699192852128,2.7
25.84092900653299,2.6
25.84437312235758,2.6
25.84821436867666,2.7
25.85323833710759,2.8
25.857426990176883,2.9
25.860868919470203,2.9
25.864851292300994,3.1
25.870025960896005,3.2
25.876769335214174,3.5
25.88360397393296,3.8
25.88865748602473,3.9
25.890344626422163,4.0
25.893107089262383,4.1
25.900086908147866,4.2
25.913557191467564,4.5
25.919140477759072,4.5
25.92722160913156,4.5
25.933790220328415,4.4
25.953986602057228,4.3
25.98628410612893,3.8
26.029735506107365,3.2
26.04754690535572,3.1
26.087663405096542,2.4
26.096569525789814,2.3
26.11662843442227,2.3
26.132231901511517,2.4
26.15012275337015,2.5
26.165731498715648,2.7
26.20033419383961,2.4
26.218323871269103,2.3
26.242944935386543,2.5
26.25410914021612,2.6
26.265242885780633,2.8
26.27974200557104,3.1
26.311021516224375,3.8
26.32782027199909,4.3
26.333387144781742,4.4
26.34676846263745,4.6
26.353448380638916,4.7
26.361278156754068,4.8
26.374753051932316,4.8
26.3840100396549,4.8
26.41202274721059,4.9
26.44667974785533,5.0
26.524496915084658,5.1
26.604975094302738,5.0
26.67731534138923,5.5
26.739721557452924,5.5
26.740563737178814,5.5
26.741405916904704,5.5
26.743788369156594,5.4
26.74463054913779,5.4
26.74602642529224,5.4
26.750301786882734,5.5
26.755447838327655,5.8
26.769135029216265,6.7
26.7725170809491,7.0
26.775279798616612,7.1
26.7780479407435,7.3
26.780066919186876,7.3
26.824255235458253,7.6
26.886461680010434,7.0
26.93181323830025,6.9
26.992526256625037,7.3
27.034942124462905,11.4
27.03970390022259,11.3
27.047201257944597,10.8
27.05381403322524,9.4
27.06426930779381,7.5
27.071381740059174,7.6
27.078729489037816,10.1
27.082278126259233,11.3
27.087682324960273,13.8
27.092382516368023,15.1
27.095735548746216,15.4
27.09908111687872,15.6
27.10491012879123,15.2
27.12427590080023,10.4
27.128235717677324,9.1
27.133517879374477,7.8
27.13855694123052,6.1
27.145454839695233,4.1
27.152358751052894,2.8
27.15933432619946,1.7
27.166195089813012,1.2
27.17499160350755,1.0
27.181671521509017,0.9
27.19293196821899,0.7
27.213020964922585,0.5
27.228093091923988,0.4
27.23593147776667,0.5
27.24483759845994,0.6
27.25046782276447,0.7
27.257200627451283,0.8
27.266264644792862,0.9
27.274754678040416,1.0
27.285622494030008,1.0
27.293789296882224,1.1
27.312113502556834,1.4
27.33010989815226,1.9
27.33683863455345,2.2
27.34358842290505,2.5
27.350476731230636,2.5
27.356292878057946,2.4
27.361416510529057,2.2
27.36562331396404,1.8
27.37246875884857,2.0
27.379097184752155,2.3
27.38577710275362,2.4
27.391593251789676,2.3
27.399074654944677,2.4
27.42703421196714,3.0
27.448105654594013,3.2
27.458345627609464,3.3
27.48064295725934,3.3
27.496979922986593,3.4
27.50920566059352,3.5
27.524832112070058,3.5
27.535165072437557,3.6
27.543005375212463,3.8
27.55302861995392,4.1
27.561936424722948,4.3
27.57199250975027,4.5
27.580158726791367,4.5
27.587678470736233,4.4
27.595159910733138,4.3
27.615228613156976,3.8
27.6314882289489,3.5
27.646794113031635,3.3
27.65801304058486,3.2
27.661753431900603,3.2
27.665199045349418,3.3
27.668643207464555,3.3
27.671984289045305,3.4
27.678719326757427,3.6
27.68434955784732,3.7
27.686578192319775,3.8
27.688804582135557,3.8
27.691033216608012,3.9
27.69341360373433,3.9
27.69817437834731,3.9
27.705655169674912,3.9
27.71355119219124,3.9
27.72053159091837,3.8
27.727511991562267,3.7
27.733096635624953,3.6
27.752192787088628,3.6
27.79533680836043,3.5
27.85617940895673,3.6
27.90932529297302,3.5
27.974286176589047,3.5
28.062309761526276,3.7
28.102859851698284,3.9
28.115085742426576,3.8
28.127589305954647,3.9
28.13764539578065,4.1
28.146556006635304,4.4
28.155506341637658,4.7
28.165683447626698,5.3
28.21338884706535,7.9
28.218778732522612,8.3
28.223618267163776,8.7
28.22455021238524,8.8
28.225810556588474,8.9
28.23463619587375,9.5
28.2379549166762,9.8
28.24003999032616,9.9
28.255546200268423,10.9
28.264911826733773,11.6
28.26836180555978,11.8
28.27180743388302,11.9
28.278493337300382,12.2
28.279611014759254,12.3
28.282952096340004,12.4
28.29290460404459,12.5
28.3132875877555,12.6
28.362055816955248,12.6
28.40665286222588,12.3
28.47632410757398,10.6
28.504525401002073,7.0
28.53296202681245,7.2
28.578673896368596,6.6
28.61118895016858,6.7
28.663442750292283,6.3
28.735843315122416,6.1
28.79120341412868,6.2
28.84659477885303,5.8
28.85078397929539,5.7
28.858385163655438,5.7
28.890404723367574,5.6
28.901228927979112,5.3
28.909899535496073,5.2
28.92020231236036,5.1
28.92104470728052,5.1
28.937475205874424,4.8
28.956091696972134,4.6
28.963683508749448,4.1
29.02500494372539,1.5
29.03198500168929,1.5
29.0642858617761,1.3
29.06623548758498,1.3
29.084681711805047,1.4
29.09616110148316,1.1
29.120799190174758,1.2
29.13798448353176,1.4
29.164468714942643,2.2
29.23970556899887,2.7
29.24994604943958,2.8
29.309894008068593,3.0
29.332287424622344,2.9
29.36052741270096,2.9
29.426937180448828,2.9
29.44508563503392,2.9
29.497135751605487,2.8
29.52919451927072,2.6
29.572175552927952,1.4
29.675206568220215,5.8
29.80435888896011,6.1
29.838281010053738,6.1
29.86336376783455,5.8
29.907135238125843,3.9
29.929971517494277,3.7
29.970387100840234,3.6
30.02959637142824,3.4
30.063998942962076,3.9
30.07433353248943,4.1
30.083855402097427,4.1
30.090362867403993,4.0
30.098741690296983,3.8
30.1081284704465,3.5
30.120628287590616,3.4
30.129547509502483,3.0
30.133288112603182,3.0
30.13567068125795,3.1
30.13901624939045,3.3
30.14460463668718,3.8
30.147950204818894,4.0
30.151295772951396,4.2
30.158739411775237,4.2
30.167256067012858,4.1
30.19113433735233,3.3
30.19951617835009,3.0
30.210197509745147,3.0
30.22053666737463,2.8
30.246041386296284,2.6
30.25167875389102,2.9
30.25726714118775,3.4
30.263380132214145,3.4
30.27036341035037,3.2
30.27788501233764,3.0
30.290484329995266,2.8
30.295249478352133,3.0
30.318692408210502,3.0
30.36615912372497,2.7
30.417536524063333,2.7
30.467161233426783,2.8
30.50452985276322,2.7
30.51679138396851,2.8
30.53139377270253,2.8
30.552465711222627,2.8
30.577902435628125,2.9
30.608256566495147,2.8
30.615738528405057,2.7
30.64461490911778,3.0
30.679494860286603,2.6
30.687394175876342,2.4
30.696918232671372,2.6
30.70818100173077,2.9
30.726520422760544,3.0
30.746583774362108,2.9
30.760467400815692,3.2
30.78972607272538,3.1
30.817144138061945,2.8
30.845335040407985,3.0
30.858928083718084,3.2
30.877267560505597,3.3
30.901086336284393,3.3
30.948977303946712,3.3
30.958499297777813,3.3
30.968351610245186,3.4
30.97646384250993,3.2
31.002491172875807,3.0
31.03204679602101,3.1
31.044310420472147,2.8
31.056877184782312,2.6
31.070470290954326,2.8
31.101038384668918,3.2
31.14381041216323,3.2
31.182215012336155,3.4
31.289294085324997,2.9
31.361399786993484,2.4
31.373526425581456,2.6
31.387930112175372,2.5
31.403724374722675,2.6
31.413013737470713,2.5
31.44139024441117,2.0
31.484906211312175,2.0
31.505979559048285,2.2
31.61021251986741,2.4
31.70934426858674,2.2
31.80211621210248,2.4
31.860983562315695,1.5
31.922993460185133,1.5
31.93228299416001,1.4
31.985687169586623,0.9
32.09853117293894,1.3
32.20503289193796,0.7
32.30504237682829,0.4
32.454853135804626,1.9
32.517845770055786,1.7
32.53235430836997,0.9
32.54537025691409,0.7
32.611120715041324,0.7
32.7215684486608,1.1
32.76350417083103,1.1
32.78772843656382,0.6
32.83790452002073,0.3
32.87886886366413,0.2
32.98477645268728,0.4
33.017454899043706,0.2
33.07127458849685,0.7
33.113113355927254,0.8
33.15189659932603,0.7
33.23300679904144,0.7
33.30792505708137,1.1
33.32316575020648,1.8
33.335764482334184,1.8
33.335764482334184,1.8
33.335764482334184,1.8
33.383366716451214,2.0
33.54602161024444,2.5
33.55961437261023,2.6
33.57605250812387,2.7
33.68186662235084,3.5
33.68466635437288,3.3
33.82434088428904,2.3
34.123469545285396,1.8
34.15878972302133,1.9
34.17946974373383,0.2
34.205934807488006,0.3
34.21109768079187,0.3
34.21109768079187,0.3
34.21109768079187,0.3
34.22185937800877,1.6
34.2285234529129,2.5
34.23545209941249,3.2
34.24114061929305,3.6
34.24756569019536,4.0
34.252783511871776,4.0
34.25919690152992,3.9
34.264066509380264,3.7
34.26960038530046,3.3
34.27524401840755,2.9
34.28088144651947,2.6
34.286811350771245,2.3
34.297409200710476,1.9
34.32205640835961,1.1
34.34900050221842,0.8
34.416540642084314,0.7
34.502774154334354,0.4
34.502774154334354,0.4
34.502774154334354,0.4
34.506115235915104,0.5
34.50849586033319,0.5
34.5119205327349,0.5
34.51570159155953,0.6
34.52968120845427,0.7
34.5473378502628,0.6
34.554268998951876,0.6
34.554268998951876,0.6
34.554268998951876,0.6
34.57991541896517,0.4
34.9043735788537,1.7
35.25777212491107,0.2
35.25916850965308,0.2
35.26196127944287,0.2
35.26533070169337,0.2
35.26785977161933,0.2
35.269548781151094,0.1
35.272922356818775,0.0
35.27568557948766,0.0
35.27844880250635,0.0
35.280134849630784,0.0
35.28215523540321,0.0
35.28753390305363,-0.1
35.29265576408176,-0.2
35.30571484176834,0.1
35.312609086341475,0.2
35.31828465826141,0.3
35.32331004743139,0.2
35.329914047289684,0.1
35.3779507289641,0.2
35.40814130607957,1.0
35.439524136767616,2.6
35.45392940238446,2.6
35.47111726023946,2.6
35.47485968061315,2.7
35.49022372400815,2.5
35.498431492773555,2.0
35.50187729483791,1.9
35.51458812489384,2.4
35.52928444648977,2.8
35.56626106626066,2.9
35.60655728944805,3.0
35.635549601657814,3.1
35.64791069244529,3.2
35.662770281668166,3.1
35.67096282478326,3.1
35.681533898105044,3.1
35.69002525384122,3.0
35.694787637158946,2.9
35.69990858561578,2.9
35.70213497543156,2.9
35.708643608460726,2.8
35.71102427569877,2.8
35.71340704235208,2.7
35.71578770976942,2.7
35.72234042391576,2.8
35.72234042391576,2.8
35.72234042391576,2.8
35.72707256061329,2.8
35.72846897415709,2.8
35.730849642114016,2.8
35.7330760319298,2.8
35.73545670006645,2.8
35.745410260982446,2.8
35.77369025828885,2.7
35.84870974039116,2.8
35.85357535002675,2.8
35.85585225845024,2.8
35.86164415161913,2.8
35.870169370484234,2.9
35.892616338006995,2.8
35.987712310453965,2.8
36.05290130462271,2.7
36.211395585671006,2.8
36.22436842450435,2.7
36.268583133864155,2.1
36.311906337636394,2.4
36.34596575235391,2.6
36.3710525324686,2.7
36.38503286772906,2.6
36.39800577602871,2.5
36.40041761716756,2.5
36.459951455724,1.6
36.46881335461076,1.4
36.480402621768796,1.1
36.48383751769868,1.0
36.489424249833725,1.1
36.492168907599066,1.2
36.50474341231522,1.6
36.519663967340236,2.1
36.5249773040946,2.2
36.543196945561,2.6
36.552115218791535,2.9
36.575704066280224,3.1
36.5898282493187,3.3
36.60131093002862,3.5
36.61635924085042,3.9
36.64743495907112,4.2
36.689557025892945,4.3
36.69095349473845,4.3
36.710179348203084,4.8
36.71716241537961,4.7
36.72329514906475,4.8
36.748382807600194,4.6
36.78049822249425,4.1
36.78423942210176,4.1
36.785590370702735,4.0
36.788002226061714,4.0
36.79002533127545,3.9
36.79142180578882,3.9
36.79344491142451,3.8
36.795468017272235,3.9
36.79782018057793,3.9
36.799269124806166,3.9
36.8012922314998,3.8
36.80268870654995,3.8
36.842275630890114,4.2
36.882840738838766,3.5
36.885223544995036,3.4
36.89696178931724,3.4
36.89696178931724,3.4
36.89696178931724,3.4
36.90162034085199,3.3
36.90674243643826,3.4
36.910483647253564,3.4
36.931943100253065,3.4
36.95242760464345,3.4
36.9674546865814,3.3
36.98176650931559,3.2
37.013507089972954,3.4
37.03773092576006,3.1
37.0679336357936,3.1
37.07934981592872,3.2
37.08546446725097,3.1
37.18415115144872,3.0
37.188912586743825,3.0
37.197404173445165,3.1
37.23004027201833,3.1
37.26579186996207,3.0
37.29278298279542,3.1
37.31533188569957,3.4
37.33711129716668,2.9
37.349816085646104,3.3
37.3674404970771,3.0
37.383781223470045,3.0
37.404265994777134,3.0
37.43125721818407,2.9
37.44149961473929,2.9
37.47044054931444,3.0
37.494662838061295,3.0
37.52026888771893,3.0
37.5427164936149,3.0
37.55669725975286,2.9
37.591161849079775,2.9
37.61324220186949,2.9
37.668191976867625,3.1
37.669592079960125,3.2
37.68593415641484,3.0
37.71113446107179,3.0
37.73796932063374,3.4
37.75646903326266,2.9
37.767904241657405,3.0
37.77164553034675,3.0
37.81082356680759,3.0
37.924525894159835,2.8
37.99838780007291,0.9
38.01453408402227,0.7
38.10948602467425,0.5
38.128874394506674,0.5
38.156907956843256,0.5
38.17473902865026,0.5
38.2025816757651,0.5
38.218189524942616,0.4
38.23069329457175,0.4
38.24447133100105,0.5
38.25482555755175,0.5
38.26484431172316,0.5
38.27611625356328,0.5
38.28325922890515,0.6
38.29171726082133,0.6
38.29626564517732,0.6
38.29971151636775,0.5
38.306390685815096,0.5
38.31458408477146,0.6
38.31696484451411,0.6
38.327842743946945,0.6
38.33395755741405,0.7
38.34518203909926,0.8
38.358132863624775,0.8
38.36292490869521,0.8
38.366629002041854,0.8
38.37139052539058,0.8
38.3803046086156,0.8
38.38845009015386,0.8
38.39443869449946,0.9
38.396125368018836,0.9
38.398889451384115,0.9
38.398889451384115,0.9
38.398889451384115,0.9
38.403636272432536,0.9
38.40782599696052,0.9
38.41127041928647,0.9
38.419228986695465,0.8
38.576285673907606,0.9
38.759266655534894,0.8
38.813236817965745,0.6
38.827245303692884,0.5
38.84084114587748,0.5
38.845373093366554,0.5
38.91280720563156,0.9
38.91953941331038,0.9
38.921920196323065,0.9
38.925364632838274,0.9
38.92771686126147,0.9
38.93056180807974,0.9
38.93294469072028,0.8
38.93517108053606,0.8
38.960021780426935,0.8
38.97238296376332,0.9
39.00825408143027,1.0
39.02293119352559,0.9
39.02627077824965,0.9
39.029736834112235,0.9
39.03320289008759,0.9
39.03775129259589,0.9
39.043318165378544,1.0
39.05005111754075,0.9
39.10291914750585,1.0
39.10291914750585,1.0
39.10291914750585,1.0
39.114114463293284,1.4
39.114114463293284,1.4
39.114114463293284,1.4
39.19305945377537,1.0
39.240425953283356,1.1
39.25303882701633,1.1
39.264346200260874,1.1
39.27585288552319,1.0
39.288470256781515,0.9
39.29676969565416,0.8
39.29676969565416,0.8
39.30139747913268,0.8
39.313332029732365,0.9
39.324202181014186,0.9
39.324202181014186,0.9
39.338327838884815,0.9
39.3411211130869,0.9
39.3635700058114,1.0
39.36731145115342,1.0
39.37019424037924,1.0
39.37291753455248,0.9
39.374938621746416,0.9
39.377702998657526,0.9
39.381837082848406,0.8
39.381837082848406,0.8
39.38662921315265,0.8
39.39037199578171,0.9
39.3927527962684,0.9
39.39609387784915,1.0
39.39832026766493,1.0
39.40165985238821,1.0
39.40510430123086,1.0
39.408443885954924,1.0
39.41218533461275,1.0
39.41830029242549,0.9
39.426791666345615,0.9
39.437363702797896,0.8
39.44793574070689,0.7
39.457458952537436,0.7
39.46435075593695,0.5
39.47009036228174,0.5
39.477955100678614,0.4
39.488115371476916,0.3
39.497179292272655,0.3
39.50723348819626,0.3
39.5172876842156,0.3
39.527306438387015,0.3
39.53843838746592,0.3
39.548457141637336,0.3
39.55752106498191,0.3
39.57980093472212,0.3
39.627964736439104,0.4
39.65573475602464,0.5
39.66357263792724,0.5
39.67251805228222,0.5
39.69044049029977,0.5
39.84200807461578,0.7
39.87335977196746,0.6
39.90260867910085,0.5
39.922717078861844,0.5
39.93832493816619,0.6
39.96959710882439,0.5
39.98187167858027,0.6
39.99970275981595,0.6
40.0154214571862,0.6
40.03759031515781,0.7
40.064426570810106,0.7
40.08001129952137,0.7
40.08223768933715,0.7
40.09802414124754,0.7
40.121427347513716,0.6
40.14815752550485,0.7
40.168265929946116,0.7
40.1839331717266,0.6
40.20083490775755,0.5
40.2200579291317,0.4
40.25126856543245,0.4
40.286986655508606,0.4
40.352670648139856,0.5
40.374998601652734,0.6
40.43081801756498,0.5
40.43976344013318,0.5
40.52346454808566,1.2
40.532410530573685,1.3
40.539143503369,1.4
40.54698203396498,1.5
40.55254890674763,1.6
40.559437868391186,1.6
40.566326830407604,1.6
40.574299749659225,1.6
40.593299122088034,1.6
40.604463436704556,1.5
40.628968453340605,1.4
40.63787457403387,1.3
40.64792927810947,1.2
40.65572228409246,1.1
40.663514648447304,1.1
40.76967752956932,0.3
40.91510176234105,0.3
40.940926662239164,0.3
40.95320083221352,0.3
40.96547500228371,0.3
40.97438056154684,0.3
40.98217292590247,0.3
41.00016295924469,0.3
41.023676654767876,0.3
41.055254445683744,0.3
41.133833027966375,0.4
41.154152710783855,0.4
41.20702094896816,0.4
41.30285341970845,0.3
41.35462027211547,0.3
41.37702779680084,0.4
41.533818600665455,0.7
41.537263108529174,0.7
41.54523670128372,0.8
41.55342982302325,0.8
41.56149442856655,0.8
41.56829779193308,0.7
41.57736180036794,0.7
41.60466339357658,0.6
41.66827402719066,0.5
41.673793546703926,0.5
41.6784203800723,0.5
41.69059005631646,0.4
41.70286423208457,0.4
41.71094603773005,0.4
41.72334104830817,0.4
41.736795600766335,0.3
41.75040795111994,0.4
41.77635664417448,0.4
41.78561546061995,0.3
41.7964861488023,0.3
41.83383653386997,0.3
41.83383653386997,0.3
41.85399413352113,0.3
41.85920244394092,0.3
41.9226229409481,0.0
41.97070306938954,0.0
41.97671308457236,0.0
41.98107607407905,0.0
41.98384120258558,0.0
41.987285717930455,0.0
41.99747134449841,0.0
42.00348136229795,0.0
42.00784435364286,0.0
42.01337461344004,0.0
42.016749485409214,0.0
42.02096807537097,0.0
42.07070740025814,0.0
42.10407976877879,0.0
42.14579895082918,0.0
42.149352665084386,0.0
42.151883810315674,0.0
42.15390535039376,0.0
42.15530215333684,0.0
42.15765447452244,0.0
42.16099555610319,0.1
42.20151631674676,0.3
42.2093542251461,0.3
42.30371517859929,0.3
42.40370504467624,0.3
42.502592046968324,0.3
42.547628567455966,0.3
42.56359819491973,0.1
42.57595627687832,0.3
42.58141093192687,0.3
42.5892032962825,0.3
42.59483286212231,0.3
42.60620250823185,0.2
42.610830508516905,0.2
42.61562288937347,0.2
42.62235588637389,0.1
42.631301328320234,0.1
42.64246565715112,0.2
42.71442604602457,0.2
42.71553924093207,0.2
42.7163830192514,0.2
42.718407136631406,0.3
42.725248539176505,0.3
42.76015486196208,0.3
42.82339330585931,0.3
42.827756602334354,0.3
42.82944416404224,0.3
42.83146581393112,0.3
42.832579008838614,0.3
42.833975851591006,0.3
42.83842863122257,0.3
42.879216827599684,0.3
42.918911841944805,0.3
42.94595958807581,0.3
42.9687918652541,0.3
42.98217682744353,0.3
42.984198505684134,0.3
42.98756967320679,0.3
42.98841347142254,0.3
42.98841347142254,0.3
42.990101067852834,0.3
42.993391880893284,0.3
43.001067219015155,0.3
43.071779279389744,0.1
43.08544468525358,0.1
43.095620172549275,0.2
43.095620172549275,0.2
43.13282756287156,0.3
43.2880071720823,0.3
43.40005880331496,0.3
43.47596458598505,0.3
43.526962468254624,0.3
43.559943413176164,0.3
43.559943413176164,0.3
43.56478882439803,0.3
43.56907090876394,0.3
43.574601886186116,0.3
43.577367375244805,0.3
43.578764258874706,0.3
43.58160719804258,0.3
43.58491558405228,0.3
43.58968620902909,0.3
43.620461029960154,0.3
43.62185791481483,0.3
43.62325479974669,0.3
43.624704222230754,0.3
43.62605180962389,0.3
43.628073577143766,0.3
43.62947046238182,0.3
43.63069497678062,0.3
43.63297216991798,0.3
43.63535311471901,0.3
43.63757950453479,0.3
43.63996044951546,0.3
43.64340499798485,0.3
43.76048923834561,0.3
43.766076814814085,0.3
43.7702674978545,0.3
43.77445818158394,0.3
43.778012473524626,0.3
43.78404512830442,0.3
43.784888995595075,0.3
43.800257438213734,0.3
43.8054415704049,0.3
43.80903228448048,0.3
43.81255329988664,0.3
43.81886601167954,0.3
43.8249313973798,0.3
43.826953192823815,0.3
43.82983647923349,0.3
43.83195154955876,0.3
43.83539610193908,0.3
43.83913793151816,0.3
43.8428797614407,0.3
43.848509343121314,0.3
43.85866926005794,0.3
43.86773333583336,0.3
43.8791495260131,0.3
43.88379098319631,0.3
43.88712772127616,0.3
43.89158050090772,0.3
43.89611253938567,0.3
43.90300164780984,0.3
43.910974693565166,0.3
43.91679178847731,0.2
43.92242137139254,0.2
43.92242137139254,0.2
43.92748563089091,0.3
43.92917338825375,0.3
43.945986523673646,0.3
43.950757283692916,0.3
43.95486325852237,0.3
43.95838432397567,0.3
43.964395462830204,0.3
43.97558955072548,0.3
43.99147952588603,0.3
43.99761391243004,0.3
44.040662838094605,0.3
44.04952424655,0.3
44.0705042626359,0.3
44.0826241210825,0.3
44.099639561492225,0.3
44.10048345208491,0.3
44.10250528518507,0.3
44.10334917590446,0.3
44.10474608471905,0.3
44.11350977096504,0.3
44.11350977096504,0.3
44.12155020975911,0.3
44.131091825053176,0.3
44.13820059088171,0.3
44.143384864152964,0.3
44.15566268246584,0.4
44.164390348743176,0.4
44.17641320097004,0.5
44.18081130156585,0.7
44.18418835148179,0.8
44.190180789744325,0.9
44.193557840116206,1.0
44.20123662391494,1.2
44.21398567708075,1.6
44.21683302936307,1.5
44.21794622427057,1.5
44.219059419178855,1.5
44.22017261408635,1.5
44.221573099262,1.6
44.2227976136608,1.6
44.22416343334675,1.6
44.22551104220654,1.6
44.228306652905914,1.7
44.230533042721696,1.7
44.231929953755476,1.7
44.236383856140385,1.8
44.23972344086366,1.8
44.241949830679445,1.8
44.243350317228675,1.9
44.250239435338415,1.9
44.27808227967434,2.0
44.296670613317026,1.7
44.30051215203619,1.7
44.30692760196613,1.6
44.32577540151221,1.8
44.3317547539716,1.9
44.35146500038622,2.1
44.36845185994754,2.4
44.378765680744124,2.5
44.39708970672754,2.6
44.40042929145082,2.6
44.40605887947599,2.6
44.411625752258644,2.7
44.41981908272674,2.7
44.44632135495043,2.9
44.4677956106394,2.9
44.47116705077423,2.9
44.477233519028886,2.8
44.48735528814123,2.3
44.492946574407725,2.1
44.494343501516546,2.1
44.497139145109124,2.0
44.49853607244622,2.0
44.50527970561335,1.9
44.5114142281165,1.9
44.5330145111097,2.1
44.539758156262955,2.2
44.548620220946184,2.3
44.56496661259564,2.6
44.57791879109106,2.5
44.58029976297252,2.5
44.58169669482705,2.5
44.58309362675677,2.5
44.58449055876439,2.5
44.58597772112209,2.5
44.587287671849765,2.5
44.59740404222561,2.7
44.59740404222561,2.7
44.620612740451016,2.7
44.64241535392115,2.7
44.66138347415452,2.7
44.683643851264826,2.6
44.695750068762024,2.5
44.69988650055033,2.4
44.70428133767576,2.3
44.70512526084421,2.3
44.714408954289176,2.2
44.720316416465955,2.2
44.72552591301987,2.2
44.731434220547705,2.1
44.73742607405275,2.1
44.74836990248947,2.0
44.77883274966393,1.9
44.789860527573026,1.8
44.79341643672447,1.7
44.79778041932944,1.7
44.79778041932944,1.7
44.80057427614822,1.7
44.804317490410256,1.6
44.8077620562009,1.6
44.81560062438061,1.5
44.849690227735806,1.2
44.85311509576459,1.2
44.855600473234865,1.2
44.858308311776455,1.1
44.86110217655577,1.1
44.86389783070461,1.0
44.86817786627711,1.0
44.87851205308947,0.9
44.88422275766497,0.8
44.88911886841094,0.8
44.89177304358742,0.8
44.893173552659704,0.7
44.89593927311876,0.7
44.89796117708551,0.7
44.900728705496746,0.6
44.90326050537098,0.6
44.90579230524641,0.6
44.90724178566215,0.6
44.90919379255826,0.6
44.91157476628098,0.6
44.91494772251594,0.5
44.92274008687157,0.5
44.9305324512272,0.5
44.93506560410138,0.4
44.93506560410138,0.4
44.98417767848077,0.3
45.16936343960944,0.2
45.1886464173128,0.3
45.1993104493481,0.2
45.21437523106827,0.3
45.22392187387707,0.0
45.2320094398215,0.0
45.29333179012195,0.1
45.375515631830034,0.2
45.38096363295511,0.2
45.38756944265767,0.3
45.398440512494936,0.3
45.405965061452086,0.3
45.41134627949432,0.3
45.503489771165604,0.3
45.50526479164935,0.2
45.577276040837326,0.3
45.577276040837326,0.3
45.58796964939547,0.3
45.598801418434455,0.3
45.60019833199351,0.3
45.61168472619079,0.3
45.61168472619079,0.3
45.70929153594565,0.3
45.78363834928899,0.3
45.813160736395936,0.3
45.87908724927628,0.3
45.87908724927628,0.3
45.912368286033,0.3
45.912368286033,0.3
45.93259636337135,0.3
45.96221509480694,0.3
46.019376385113894,0.3
46.069973355560016,0.3
46.069973355560016,0.3
46.08056733113355,0.3
46.08056733113355,0.3
46.09558826362177,0.3
46.10165365186065,0.3
46.107184737158605,0.3
46.136803276471355,0.3
46.142184313687636,0.3
46.14456526320425,0.3
46.145962156786034,0.3
46.14735905029064,0.3
46.150698635014706,0.3
46.15403821973877,0.3
46.156264609554555,0.3
46.15970916066212,0.3
46.16241507006309,0.3
46.16625657503587,0.3
46.169627888431414,0.3
46.1762975222849,0.3
46.18112477733566,0.3
46.20803692176649,0.3
46.27932600110471,0.2
46.297484037542915,0.2
46.30961507514319,0.3
46.3123805767303,0.3
46.32724257363523,0.3
46.332558588450084,0.4
46.34675400280815,0.4
46.36154658427159,0.3
46.374390380336635,0.4
46.381176011759884,0.4
46.43064940144696,0.2
46.44551338173727,0.2
46.4590849635863,0.3
46.483762703581,0.3
46.498751696212764,0.1
46.51660311988724,0.2
46.58257915368224,0.1
46.63916648936029,0.1
46.6555438434417,0.0
46.695714176780136,0.0
46.761690092420274,0.2
46.77914431983667,0.2
46.80942433937015,0.2
46.82251537533851,0.3
46.832702382058486,0.3
46.84307024842795,0.3
46.86526284186702,0.2
46.90344466810708,0.3
46.9241803562901,0.3
46.96126928289082,0.4
46.99984413070902,0.3
47.01436097247096,0.3
47.033451757762805,0.3
47.04713535308731,0.3
47.201362598734214,0.4
47.21322848055446,0.4
47.2234153844899,0.4
47.262178893081604,0.3
47.330169727887295,1.0
47.332935144215575,1.0
47.336307848222916,1.1
47.340088443473604,1.1
47.342442919977756,1.2
47.34789849159754,1.3
47.34789849159754,1.3
47.355492878663426,1.3
47.3642511999429,1.5
47.419719708666676,1.9
47.48788230805242,2.3
47.5493026379155,2.3
47.60386628180423,2.4
47.609876981337514,2.4
47.6150617831736,2.3
47.62441081946667,2.2
47.62877429116394,2.2
47.63232839344561,2.2
47.63864077654937,2.2
47.64300539642296,2.1
47.64704881933498,2.1
47.65079193875609,2.0
47.65423768277054,2.0
47.65890931856767,1.9
47.661440775183245,1.9
47.665885897932725,1.9
47.665885897932725,1.9
47.6772546182162,1.7
47.7492895519694,1.7
47.75482036513626,1.7
47.81330925437802,1.7
47.884408193794194,1.6
48.00569465099319,1.1
48.01253634862836,1.1
48.01814538238536,1.2
48.0234612576245,1.3
48.0422420028457,1.3
48.056888291830376,1.3
48.067551034392245,1.4
48.07522651582928,1.4
48.08275793117266,1.4
48.09148541318075,1.5
48.10214767381231,1.5
48.111689121675894,1.6
48.1227511276298,1.7
48.13229256652776,1.8
48.140588724680306,1.8
48.14939273462571,1.9
48.158808855410584,2.0
48.160830553750216,2.0
48.16836193910697,2.0
48.17777805161318,2.1
48.18789211621256,2.2
48.19865373358947,2.2
48.20539610803022,2.2
48.21213848018809,2.2
48.2258538681701,2.3
48.24003845597409,2.3
48.251742356652386,2.3
48.264010575415874,2.3
48.28306894918799,2.2
48.29747781052083,2.2
48.30816456591328,2.1
48.321796700766974,2.1
48.342837875961564,2.0
48.36799018415225,2.0
48.39894233443104,1.9
48.4169533616467,1.8
48.44583421874884,1.8
48.488691224579604,1.6
48.54003284288844,1.3
48.56177466268621,1.2
48.56177466268621,1.2
48.57598680831082,1.1
48.583537604037076,1.1
48.66257549620112,0.9
48.754421168174325,0.8
48.799933050228134,0.8
48.82850409827453,0.7
48.85262506027426,0.7
48.89890496680398,0.6
48.91826726833928,0.6
48.93865824972885,0.6
48.94818185611182,0.6
48.95744014415833,0.6
48.968965954672434,0.6
48.97835452343913,0.6
48.99193510027486,0.6
49.00553113090683,0.6
49.01914312066112,0.6
49.02697239609,0.6
49.032427967709786,0.7
49.032427967709786,0.7
49.035980516685754,0.7
49.04825469336865,0.7
49.103217268507834,0.7
49.19259650079853,1.0
49.235032313647345,1.0
49.258555474306796,1.1
49.26078186412258,1.1
49.29001868781014,1.1
49.320181499455764,1.2
49.35947079121427,1.2
49.38519907359235,1.2
49.40208802864296,1.3
49.43003275830374,1.3
49.47143690426197,1.5
49.47940986235733,1.5
49.48163625217311,1.5
49.491796101791685,1.5
49.503055648447166,1.6
49.5154164996487,1.6
49.5294254065884,1.7
49.54713690672133,1.7
49.56073175941471,1.7
49.56212852974427,1.7
49.57673440357209,1.6
49.592702430161964,1.6
49.607308295021575,1.5
49.626016741936105,1.4
49.64472598203734,1.2
49.693997202061404,0.9
49.708963715145366,0.9
